samplename	Run	SRX	BioSample	GEO	drsc	time_point	target_FBgn	target_symbol	plate_id	plate_row	plate_column
SRR5010622	SRR5010622	SRX2341574	SAMN06009520	GSM2387784	DRSC36079	day1	FBgn0003964	usp	plate1	A	10
SRR5010623	SRR5010623	SRX2341575	SAMN06009519	GSM2387785	DRSC40711	day1	FBgn0000567	Eip74EF	plate1	A	11
SRR5010624	SRR5010624	SRX2341576	SAMN06009518	GSM2387786	DRSC37538	day1	FBgn0024371	E2f2	plate1	A	12
SRR5010625	SRR5010625	SRX2341577	SAMN06009517	GSM2387787	DRSC37534	day1	FBgn0011763	dpy	plate1	A	1
SRR5010626	SRR5010626	SRX2341578	SAMN06009516	GSM2387788	DRSC30795	day1	FBgn0001291	kay	plate1	A	2
SRR5010627	SRR5010627	SRX2341579	SAMN06009515	GSM2387789	DRSC31698	day1	FBgn0016076	vri	plate1	A	3
SRR5010628	SRR5010628	SRX2341580	SAMN06009514	GSM2387790	DRSC33100	day1	FBgn0266411	sima	plate1	A	4
SRR5010629	SRR5010629	SRX2341581	SAMN06009513	GSM2387791	DRSC35830	day1	FBgn0034534	maf-S	plate1	A	5
SRR5010630	SRR5010630	SRX2341582	SAMN06009512	GSM2387792	DRSC41069	day1	FBgn0032940	Mondo	plate1	A	6
SRR5010631	SRR5010631	SRX2341583	SAMN06009511	GSM2387793	DRSC31022	day1	FBgn0001297	kay	plate1	A	7
SRR5010632	SRR5010632	SRX2341584	SAMN06009510	GSM2387794	DRSC31684	day1	FBgn0013263	Trl	plate1	A	8
SRR5010633	SRR5010633	SRX2341585	SAMN06009509	GSM2387795	DRSC34303	day1	FBgn0003507	srp	plate1	A	9
SRR5010634	SRR5010634	SRX2341586	SAMN06009508	GSM2387796	DRSC25554	day1	FBgn0011656	Mef2	plate1	B	10
SRR5010635	SRR5010635	SRX2341587	SAMN06009507	GSM2387797	DRSC26287	day1	FBgn0032940	Mondo	plate1	B	11
SRR5010636	SRR5010636	SRX2341588	SAMN06009506	GSM2387798	DRSC31967	day1	FBgn0040305	MTF-1	plate1	B	12
SRR5010637	SRR5010637	SRX2341589	SAMN06009505	GSM2387799	DRSC31026	day1	FBgn0004606	zfh1	plate1	B	1
SRR5010638	SRR5010638	SRX2341590	SAMN06009501	GSM2387800	DRSC03320	day1	FBgn0024371	E2f2	plate1	B	2
SRR5010639	SRR5010639	SRX2341591	SAMN06009500	GSM2387801	DRSC03462	day1	FBgn0010287	Tsf1	plate1	B	3
SRR5010640	SRR5010640	SRX2341592	SAMN06009504	GSM2387802	DRSCNA	day1	FBgnNA	LacZ	plate1	B	4
SRR5010641	SRR5010641	SRX2341593	SAMN06009503	GSM2387803	DRSC23794	day1	FBgn0000567	Eip74EF	plate1	B	5
SRR5010642	SRR5010642	SRX2341594	SAMN06009502	GSM2387804	DRSC29116	day1	FBgn0003118	pnt	plate1	B	6
SRR5010643	SRR5010643	SRX2341595	SAMN06009499	GSM2387805	DRSC35831	day1	FBgn0034534	maf-S	plate1	B	7
SRR5010644	SRR5010644	SRX2341596	SAMN06009498	GSM2387806	DRSC03346	day1	FBgn0261239	Hr39	plate1	B	8
SRR5010645	SRR5010645	SRX2341597	SAMN06009497	GSM2387807	DRSC03740	day1	FBgn0003866	tsh	plate1	B	9
SRR5010646	SRR5010646	SRX2341598	SAMN06009496	GSM2387808	DRSC37552	day1	FBgn0001078	ftz-f1	plate1	C	10
SRR5010647	SRR5010647	SRX2341599	SAMN06009495	GSM2387809	DRSCNA	day1	FBgnNA	LacZ	plate1	C	11
SRR5010648	SRR5010648	SRX2341600	SAMN06009494	GSM2387810	DRSC37320	day1	FBgn0265784	CrebB	plate1	C	12
SRR5010649	SRR5010649	SRX2341601	SAMN06009493	GSM2387811	DRSC34422	day1	FBgn0004396	CrebA	plate1	C	1
SRR5010650	SRR5010650	SRX2341602	SAMN06009492	GSM2387812	DRSC40819	day1	FBgn0011763	dpy	plate1	C	2
SRR5010651	SRR5010651	SRX2341603	SAMN06009491	GSM2387813	DRSC04917	day1	FBgn0267978	ap	plate1	C	3
SRR5010652	SRR5010652	SRX2341604	SAMN06009490	GSM2387814	DRSC41279	day1	FBgn0000611	exd	plate1	C	4
SRR5010653	SRR5010653	SRX2341605	SAMN06009489	GSM2387815	DRSC25347	day1	FBgn0003117	pnr	plate1	C	5
SRR5010654	SRR5010654	SRX2341606	SAMN06009488	GSM2387816	DRSC26931	day1	FBgn0004606	zfh1	plate1	C	6
SRR5010655	SRR5010655	SRX2341607	SAMN06009487	GSM2387817	DRSCNA	day1	FBgn0260635	LacZ	plate1	C	7
SRR5010656	SRR5010656	SRX2341608	SAMN06009486	GSM2387818	DRSC29182	day1	FBgn0033846	mip120	plate1	C	8
SRR5010657	SRR5010657	SRX2341609	SAMN06009485	GSM2387819	DRSC40777	day1	FBgn0039044	betaTub60D	plate1	C	9
SRR5010658	SRR5010658	SRX2341610	SAMN06009484	GSM2387820	DRSC27330	day1	FBgn0001133	grau	plate1	D	10
SRR5010659	SRR5010659	SRX2341611	SAMN06009483	GSM2387821	DRSC29572	day1	FBgn0011766	E2f1	plate1	D	11
SRR5010660	SRR5010660	SRX2341612	SAMN06009482	GSM2387822	DRSC32152	day1	FBgn0033846	mip120	plate1	D	12
SRR5010661	SRR5010661	SRX2341613	SAMN06009481	GSM2387823	DRSC30999	day1	FBgn0011766	E2f1	plate1	D	1
SRR5010662	SRR5010662	SRX2341614	SAMN06009480	GSM2387824	DRSC08706	day1	FBgn0025725	alphaCOP	plate1	D	2
SRR5010663	SRR5010663	SRX2341615	SAMN06009479	GSM2387825	DRSC21341	day1	FBgn0040305	MTF-1	plate1	D	3
SRR5010664	SRR5010664	SRX2341616	SAMN06009582	GSM2387826	DRSC25219	day1	FBgn0259938	cwo	plate1	D	4
SRR5010665	SRR5010665	SRX2341617	SAMN06009581	GSM2387827	DRSC27078	day1	FBgn0003870	ttk	plate1	D	5
SRR5010666	SRR5010666	SRX2341618	SAMN06009580	GSM2387828	DRSC29336	day1	FBgn0003507	srp	plate1	D	6
SRR5010667	SRR5010667	SRX2341619	SAMN06009579	GSM2387829	DRSC11122	day1	FBgn0004396	CrebA	plate1	D	7
SRR5010668	SRR5010668	SRX2341620	SAMN06009578	GSM2387830	DRSC22973	day1	FBgn0016694	Pdp1	plate1	D	8
SRR5010669	SRR5010669	SRX2341621	SAMN06009577	GSM2387831	DRSC25045	day1	FBgn0013263	Trl	plate1	D	9
SRR5010670	SRR5010670	SRX2341622	SAMN06009576	GSM2387832	DRSC39162	day1	FBgn0000097	aop	plate1	E	10
SRR5010671	SRR5010671	SRX2341623	SAMN06009575	GSM2387833	DRSC18766	day1	FBgn0000520	dwg	plate1	E	11
SRR5010672	SRR5010672	SRX2341624	SAMN06009574	GSM2387834	DRSC37262	day1	FBgn0264075	tgo	plate1	E	12
SRR5010673	SRR5010673	SRX2341625	SAMN06009573	GSM2387835	DRSC34559	day1	FBgn0001222	Hsf	plate1	E	1
SRR5010674	SRR5010674	SRX2341626	SAMN06009572	GSM2387836	DRSCNA	day1	FBgnNA	LacZ	plate1	E	2
SRR5010675	SRR5010675	SRX2341627	SAMN06009570	GSM2387837	DRSC40784	day1	FBgn0267821	darky	plate1	E	3
SRR5010676	SRR5010676	SRX2341628	SAMN06009569	GSM2387838	DRSC37563	day1	FBgn0261283	SREBP	plate1	E	4
SRR5010677	SRR5010677	SRX2341629	SAMN06009568	GSM2387839	DRSC16977	day1	FBgn0001297	kay	plate1	E	5
SRR5010678	SRR5010678	SRX2341630	SAMN06009567	GSM2387840	DRSC23134	day1	FBgn0004050	z	plate1	E	6
SRR5010679	SRR5010679	SRX2341631	SAMN06009566	GSM2387841	DRSC24447	day1	FBgn0003964	usp	plate1	E	7
SRR5010680	SRR5010680	SRX2341632	SAMN06009565	GSM2387842	DRSC27606	day1	FBgn0001291	kay	plate1	E	8
SRR5010681	SRR5010681	SRX2341633	SAMN06009564	GSM2387843	DRSC29930	day1	FBgn0264075	tgo	plate1	E	9
SRR5010682	SRR5010682	SRX2341634	SAMN06009563	GSM2387844	DRSC26054	day1	FBgn0016076	vri	plate1	F	10
SRR5010683	SRR5010683	SRX2341635	SAMN06009562	GSM2387845	DRSC28794	day1	FBgn0266411	sima	plate1	F	11
SRR5010684	SRR5010684	SRX2341636	SAMN06009561	GSM2387846	DRSC31100	day1	FBgn0002914	Myb	plate1	F	12
SRR5010685	SRR5010685	SRX2341637	SAMN06009560	GSM2387847	DRSC37618	day1	FBgn0039044	betaTub60D	plate1	F	1
SRR5010686	SRR5010686	SRX2341638	SAMN06009559	GSM2387848	DRSC25100	day1	FBgn0004198	CG31751	plate1	F	2
SRR5010687	SRR5010687	SRX2341639	SAMN06009558	GSM2387849	DRSC25984	day1	FBgn0013799	Deaf1	plate1	F	3
SRR5010688	SRR5010688	SRX2341640	SAMN06009557	GSM2387850	DRSC27700	day1	FBgn0001222	Hsf	plate1	F	4
SRR5010689	SRR5010689	SRX2341641	SAMN06009556	GSM2387851	DRSC30106	day1	FBgn0001168	yellow-h	plate1	F	5
SRR5010690	SRR5010690	SRX2341642	SAMN06009555	GSM2387852	DRSC37640	day1	FBgn0003345	sprd	plate1	F	6
SRR5010691	SRR5010691	SRX2341643	SAMN06009554	GSM2387853	DRSC20260	day1	FBgn0002914	Myb	plate1	F	7
SRR5010692	SRR5010692	SRX2341644	SAMN06009553	GSM2387854	DRSC23558	day1	FBgn0265784	CrebB	plate1	F	8
SRR5010693	SRR5010693	SRX2341645	SAMN06009552	GSM2387855	DRSCNA	day1	FBgnNA	LacZ	plate1	F	9
SRR5010694	SRR5010694	SRX2341646	SAMN06009551	GSM2387856	DRSC40910	day1	FBgn0003117	pnr	plate1	G	10
SRR5010695	SRR5010695	SRX2341647	SAMN06009550	GSM2387857	DRSC29174	day1	FBgn0000520	dwg	plate1	G	11
SRR5010696	SRR5010696	SRX2341648	SAMN06009549	GSM2387858	DRSC34905	day1	FBgn0013799	Deaf1	plate1	G	12
SRR5010697	SRR5010697	SRX2341649	SAMN06009548	GSM2387859	DRSC32517	day1	FBgn0016694	Pdp1	plate1	G	1
SRR5010698	SRR5010698	SRX2341650	SAMN06009547	GSM2387860	DRSC30105	day1	FBgn0052296	Mrtf	plate1	G	2
SRR5010699	SRR5010699	SRX2341651	SAMN06009546	GSM2387861	DRSC26006	day1	FBgn0261239	Hr39	plate1	G	3
SRR5010700	SRR5010700	SRX2341652	SAMN06009545	GSM2387862	DRSC30099	day1	FBgn0000611	exd	plate1	G	4
SRR5010701	SRR5010701	SRX2341653	SAMN06009544	GSM2387863	DRSCNA	day1	FBgnNA	LacZ	plate1	G	5
SRR5010702	SRR5010702	SRX2341654	SAMN06009543	GSM2387864	DRSC37529	day1	FBgn0267821	darky	plate1	G	6
SRR5010703	SRR5010703	SRX2341655	SAMN06009542	GSM2387865	DRSC37681	day1	FBgn0004050	z	plate1	G	7
SRR5010704	SRR5010704	SRX2341656	SAMN06009541	GSM2387866	DRSC31645	day1	FBgn0003118	pnt	plate1	G	8
SRR5010705	SRR5010705	SRX2341657	SAMN06009540	GSM2387867	DRSC32788	day1	FBgn0000097	aop	plate1	G	9
SRR5010706	SRR5010706	SRX2341658	SAMN06009539	GSM2387868	DRSC32737	day1	FBgn0001133	grau	plate1	H	10
SRR5010707	SRR5010707	SRX2341659	SAMN06009538	GSM2387869	DRSC35845	day1	FBgn0011656	Mef2	plate1	H	11
SRR5010708	SRR5010708	SRX2341660	SAMN06009537	GSM2387870	DRSC40438	day1	FBgn0004198	CG31751	plate1	H	12
SRR5010709	SRR5010709	SRX2341661	SAMN06009536	GSM2387871	DRSC40479	day1	FBgn0003345	sprd	plate1	H	1
SRR5010710	SRR5010710	SRX2341662	SAMN06009535	GSM2387872	DRSC37384	day1	FBgn0267978	ap	plate1	H	2
SRR5010711	SRR5010711	SRX2341663	SAMN06009534	GSM2387873	DRSC31616	day1	FBgn0001168	yellow-h	plate1	H	3
SRR5010712	SRR5010712	SRX2341664	SAMN06009533	GSM2387874	DRSC32506	day1	FBgn0052296	Mrtf	plate1	H	4
SRR5010713	SRR5010713	SRX2341665	SAMN06009532	GSM2387875	DRSC35747	day1	FBgn0001078	ftz-f1	plate1	H	5
SRR5010714	SRR5010714	SRX2341666	SAMN06009531	GSM2387876	DRSC40439	day1	FBgn0003870	ttk	plate1	H	6
SRR5010715	SRR5010715	SRX2341667	SAMN06009530	GSM2387877	DRSC37439	day1	FBgn0259938	cwo	plate1	H	7
SRR5010716	SRR5010716	SRX2341668	SAMN06009529	GSM2387878	DRSC37675	day1	FBgn0003866	tsh	plate1	H	8
SRR5010717	SRR5010717	SRX2341669	SAMN06009528	GSM2387879	DRSC31627	day1	FBgn0261283	SREBP	plate1	H	9
SRR5010718	SRR5010718	SRX2341670	SAMN06009527	GSM2387880	DRSC36079	day2	FBgn0003964	usp	plate2	A	10
SRR5010719	SRR5010719	SRX2341671	SAMN06009526	GSM2387881	DRSC40711	day2	FBgn0000567	Eip74EF	plate2	A	11
SRR5010720	SRR5010720	SRX2341672	SAMN06009525	GSM2387882	DRSC37538	day2	FBgn0024371	E2f2	plate2	A	12
SRR5010721	SRR5010721	SRX2341673	SAMN06009524	GSM2387883	DRSC37534	day2	FBgn0011763	dpy	plate2	A	1
SRR5010722	SRR5010722	SRX2341674	SAMN06009523	GSM2387884	DRSC30795	day2	FBgn0001291	kay	plate2	A	2
SRR5010723	SRR5010723	SRX2341675	SAMN06009522	GSM2387885	DRSC31698	day2	FBgn0016076	vri	plate2	A	3
SRR5010724	SRR5010724	SRX2341676	SAMN06009521	GSM2387886	DRSC33100	day2	FBgn0266411	sima	plate2	A	4
SRR5010725	SRR5010725	SRX2341677	SAMN06009632	GSM2387887	DRSC35830	day2	FBgn0034534	maf-S	plate2	A	5
SRR5010726	SRR5010726	SRX2341678	SAMN06009631	GSM2387888	DRSC41069	day2	FBgn0032940	Mondo	plate2	A	6
SRR5010727	SRR5010727	SRX2341679	SAMN06009630	GSM2387889	DRSC31022	day2	FBgn0001297	kay	plate2	A	7
SRR5010728	SRR5010728	SRX2341680	SAMN06009629	GSM2387890	DRSC31684	day2	FBgn0013263	Trl	plate2	A	8
SRR5010729	SRR5010729	SRX2341681	SAMN06009624	GSM2387891	DRSC34303	day2	FBgn0003507	srp	plate2	A	9
SRR5010730	SRR5010730	SRX2341682	SAMN06009628	GSM2387892	DRSC25554	day2	FBgn0011656	Mef2	plate2	B	10
SRR5010731	SRR5010731	SRX2341683	SAMN06009627	GSM2387893	DRSC26287	day2	FBgn0032940	Mondo	plate2	B	11
SRR5010732	SRR5010732	SRX2341684	SAMN06009626	GSM2387894	DRSC31967	day2	FBgn0040305	MTF-1	plate2	B	12
SRR5010733	SRR5010733	SRX2341685	SAMN06009625	GSM2387895	DRSC31026	day2	FBgn0004606	zfh1	plate2	B	1
SRR5010734	SRR5010734	SRX2341686	SAMN06009623	GSM2387896	DRSC03320	day2	FBgn0024371	E2f2	plate2	B	2
SRR5010735	SRR5010735	SRX2341687	SAMN06009622	GSM2387897	DRSC03462	day2	FBgn0010287	Tsf1	plate2	B	3
SRR5010736	SRR5010736	SRX2341688	SAMN06009621	GSM2387898	DRSCNA	day2	FBgnNA	LacZ	plate2	B	4
SRR5010737	SRR5010737	SRX2341689	SAMN06009620	GSM2387899	DRSC23794	day2	FBgn0000567	Eip74EF	plate2	B	5
SRR5010738	SRR5010738	SRX2341690	SAMN06009619	GSM2387900	DRSC29116	day2	FBgn0003118	pnt	plate2	B	6
SRR5010739	SRR5010739	SRX2341691	SAMN06009618	GSM2387901	DRSC35831	day2	FBgn0034534	maf-S	plate2	B	7
SRR5010740	SRR5010740	SRX2341692	SAMN06009617	GSM2387902	DRSC03346	day2	FBgn0261239	Hr39	plate2	B	8
SRR5010741	SRR5010741	SRX2341693	SAMN06009616	GSM2387903	DRSC03740	day2	FBgn0003866	tsh	plate2	B	9
SRR5010742	SRR5010742	SRX2341694	SAMN06009615	GSM2387904	DRSC37552	day2	FBgn0001078	ftz-f1	plate2	C	10
SRR5010743	SRR5010743	SRX2341695	SAMN06009614	GSM2387905	DRSCNA	day2	FBgnNA	LacZ	plate2	C	11
SRR5010744	SRR5010744	SRX2341696	SAMN06009613	GSM2387906	DRSC37320	day2	FBgn0265784	CrebB	plate2	C	12
SRR5010745	SRR5010745	SRX2341697	SAMN06009612	GSM2387907	DRSC34422	day2	FBgn0004396	CrebA	plate2	C	1
SRR5010746	SRR5010746	SRX2341698	SAMN06009611	GSM2387908	DRSC40819	day2	FBgn0011763	dpy	plate2	C	2
SRR5010747	SRR5010747	SRX2341699	SAMN06009610	GSM2387909	DRSC04917	day2	FBgn0267978	ap	plate2	C	3
SRR5010748	SRR5010748	SRX2341700	SAMN06009609	GSM2387910	DRSC41279	day2	FBgn0000611	exd	plate2	C	4
SRR5010749	SRR5010749	SRX2341701	SAMN06009608	GSM2387911	DRSC25347	day2	FBgn0003117	pnr	plate2	C	5
SRR5010750	SRR5010750	SRX2341702	SAMN06009607	GSM2387912	DRSC26931	day2	FBgn0004606	zfh1	plate2	C	6
SRR5010751	SRR5010751	SRX2341703	SAMN06009606	GSM2387913	DRSCNA	day2	FBgn0260635	LacZ	plate2	C	7
SRR5010752	SRR5010752	SRX2341704	SAMN06009605	GSM2387914	DRSC29182	day2	FBgn0033846	mip120	plate2	C	8
SRR5010753	SRR5010753	SRX2341705	SAMN06009604	GSM2387915	DRSC40777	day2	FBgn0039044	betaTub60D	plate2	C	9
SRR5010754	SRR5010754	SRX2341706	SAMN06009603	GSM2387916	DRSC27330	day2	FBgn0001133	grau	plate2	D	10
SRR5010755	SRR5010755	SRX2341707	SAMN06009602	GSM2387917	DRSC29572	day2	FBgn0011766	E2f1	plate2	D	11
SRR5010756	SRR5010756	SRX2341708	SAMN06009601	GSM2387918	DRSC32152	day2	FBgn0033846	mip120	plate2	D	12
SRR5010757	SRR5010757	SRX2341709	SAMN06009600	GSM2387919	DRSC30999	day2	FBgn0011766	E2f1	plate2	D	1
SRR5010758	SRR5010758	SRX2341710	SAMN06009599	GSM2387920	DRSC08706	day2	FBgn0025725	alphaCOP	plate2	D	2
SRR5010759	SRR5010759	SRX2341711	SAMN06009598	GSM2387921	DRSC21341	day2	FBgn0040305	MTF-1	plate2	D	3
SRR5010760	SRR5010760	SRX2341712	SAMN06009597	GSM2387922	DRSC25219	day2	FBgn0259938	cwo	plate2	D	4
SRR5010761	SRR5010761	SRX2341713	SAMN06009596	GSM2387923	DRSC27078	day2	FBgn0003870	ttk	plate2	D	5
SRR5010762	SRR5010762	SRX2341714	SAMN06009595	GSM2387924	DRSC29336	day2	FBgn0003507	srp	plate2	D	6
SRR5010763	SRR5010763	SRX2341715	SAMN06009594	GSM2387925	DRSC11122	day2	FBgn0004396	CrebA	plate2	D	7
SRR5010764	SRR5010764	SRX2341716	SAMN06009593	GSM2387926	DRSC22973	day2	FBgn0016694	Pdp1	plate2	D	8
SRR5010765	SRR5010765	SRX2341717	SAMN06009592	GSM2387927	DRSC25045	day2	FBgn0013263	Trl	plate2	D	9
SRR5010766	SRR5010766	SRX2341718	SAMN06009591	GSM2387928	DRSC39162	day2	FBgn0000097	aop	plate2	E	10
SRR5010767	SRR5010767	SRX2341719	SAMN06009590	GSM2387929	DRSC18766	day2	FBgn0000520	dwg	plate2	E	11
SRR5010768	SRR5010768	SRX2341720	SAMN06009589	GSM2387930	DRSC37262	day2	FBgn0264075	tgo	plate2	E	12
SRR5010769	SRR5010769	SRX2341721	SAMN06009588	GSM2387931	DRSC34559	day2	FBgn0001222	Hsf	plate2	E	1
SRR5010770	SRR5010770	SRX2341722	SAMN06009587	GSM2387932	DRSCNA	day2	FBgnNA	LacZ	plate2	E	2
SRR5010771	SRR5010771	SRX2341723	SAMN06009586	GSM2387933	DRSC40784	day2	FBgn0267821	darky	plate2	E	3
SRR5010772	SRR5010772	SRX2341724	SAMN06009585	GSM2387934	DRSC37563	day2	FBgn0261283	SREBP	plate2	E	4
SRR5010773	SRR5010773	SRX2341725	SAMN06009584	GSM2387935	DRSC16977	day2	FBgn0001297	kay	plate2	E	5
SRR5010774	SRR5010774	SRX2341726	SAMN06009583	GSM2387936	DRSC23134	day2	FBgn0004050	z	plate2	E	6
SRR5010775	SRR5010775	SRX2341727	SAMN06009653	GSM2387937	DRSC24447	day2	FBgn0003964	usp	plate2	E	7
SRR5010776	SRR5010776	SRX2341728	SAMN06009652	GSM2387938	DRSC27606	day2	FBgn0001291	kay	plate2	E	8
SRR5010777	SRR5010777	SRX2341729	SAMN06009651	GSM2387939	DRSC29930	day2	FBgn0264075	tgo	plate2	E	9
SRR5010778	SRR5010778	SRX2341730	SAMN06009650	GSM2387940	DRSC26054	day2	FBgn0016076	vri	plate2	F	10
SRR5010779	SRR5010779	SRX2341731	SAMN06009649	GSM2387941	DRSC28794	day2	FBgn0266411	sima	plate2	F	11
SRR5010780	SRR5010780	SRX2341732	SAMN06009648	GSM2387942	DRSC31100	day2	FBgn0002914	Myb	plate2	F	12
SRR5010781	SRR5010781	SRX2341733	SAMN06009647	GSM2387943	DRSC37618	day2	FBgn0039044	betaTub60D	plate2	F	1
SRR5010782	SRR5010782	SRX2341734	SAMN06009646	GSM2387944	DRSC25100	day2	FBgn0004198	CG31751	plate2	F	2
SRR5010783	SRR5010783	SRX2341735	SAMN06009645	GSM2387945	DRSC25984	day2	FBgn0013799	Deaf1	plate2	F	3
SRR5010784	SRR5010784	SRX2341736	SAMN06009644	GSM2387946	DRSC27700	day2	FBgn0001222	Hsf	plate2	F	4
SRR5010785	SRR5010785	SRX2341737	SAMN06009643	GSM2387947	DRSC30106	day2	FBgn0001168	yellow-h	plate2	F	5
SRR5010786	SRR5010786	SRX2341738	SAMN06009642	GSM2387948	DRSC37640	day2	FBgn0003345	sprd	plate2	F	6
SRR5010787	SRR5010787	SRX2341739	SAMN06009641	GSM2387949	DRSC20260	day2	FBgn0002914	Myb	plate2	F	7
SRR5010788	SRR5010788	SRX2341740	SAMN06009640	GSM2387950	DRSC23558	day2	FBgn0265784	CrebB	plate2	F	8
SRR5010789	SRR5010789	SRX2341741	SAMN06009636	GSM2387951	DRSCNA	day2	FBgnNA	LacZ	plate2	F	9
SRR5010790	SRR5010790	SRX2341742	SAMN06009639	GSM2387952	DRSC40910	day2	FBgn0003117	pnr	plate2	G	10
SRR5010791	SRR5010791	SRX2341743	SAMN06009638	GSM2387953	DRSC29174	day2	FBgn0000520	dwg	plate2	G	11
SRR5010792	SRR5010792	SRX2341744	SAMN06009637	GSM2387954	DRSC34905	day2	FBgn0013799	Deaf1	plate2	G	12
SRR5010793	SRR5010793	SRX2341745	SAMN06009635	GSM2387955	DRSC32517	day2	FBgn0016694	Pdp1	plate2	G	1
SRR5010794	SRR5010794	SRX2341746	SAMN06009634	GSM2387956	DRSC30105	day2	FBgn0052296	Mrtf	plate2	G	2
SRR5010795	SRR5010795	SRX2341747	SAMN06009633	GSM2387957	DRSC26006	day2	FBgn0261239	Hr39	plate2	G	3
SRR5010796	SRR5010796	SRX2341748	SAMN06009675	GSM2387958	DRSC30099	day2	FBgn0000611	exd	plate2	G	4
SRR5010797	SRR5010797	SRX2341749	SAMN06009674	GSM2387959	DRSCNA	day2	FBgnNA	LacZ	plate2	G	5
SRR5010798	SRR5010798	SRX2341750	SAMN06009673	GSM2387960	DRSC37529	day2	FBgn0267821	darky	plate2	G	6
SRR5010799	SRR5010799	SRX2341751	SAMN06009672	GSM2387961	DRSC37681	day2	FBgn0004050	z	plate2	G	7
SRR5010800	SRR5010800	SRX2341752	SAMN06009671	GSM2387962	DRSC31645	day2	FBgn0003118	pnt	plate2	G	8
SRR5010801	SRR5010801	SRX2341753	SAMN06009670	GSM2387963	DRSC32788	day2	FBgn0000097	aop	plate2	G	9
SRR5010802	SRR5010802	SRX2341754	SAMN06009669	GSM2387964	DRSC32737	day2	FBgn0001133	grau	plate2	H	10
SRR5010803	SRR5010803	SRX2341755	SAMN06009668	GSM2387965	DRSC35845	day2	FBgn0011656	Mef2	plate2	H	11
SRR5010804	SRR5010804	SRX2341756	SAMN06009667	GSM2387966	DRSC40438	day2	FBgn0004198	CG31751	plate2	H	12
SRR5010805	SRR5010805	SRX2341757	SAMN06009666	GSM2387967	DRSC40479	day2	FBgn0003345	sprd	plate2	H	1
SRR5010806	SRR5010806	SRX2341758	SAMN06009665	GSM2387968	DRSC37384	day2	FBgn0267978	ap	plate2	H	2
SRR5010807	SRR5010807	SRX2341759	SAMN06009664	GSM2387969	DRSC31616	day2	FBgn0001168	yellow-h	plate2	H	3
SRR5010808	SRR5010808	SRX2341760	SAMN06009663	GSM2387970	DRSC32506	day2	FBgn0052296	Mrtf	plate2	H	4
SRR5010809	SRR5010809	SRX2341761	SAMN06009662	GSM2387971	DRSC35747	day2	FBgn0001078	ftz-f1	plate2	H	5
SRR5010810	SRR5010810	SRX2341762	SAMN06009661	GSM2387972	DRSC40439	day2	FBgn0003870	ttk	plate2	H	6
SRR5010811	SRR5010811	SRX2341763	SAMN06009660	GSM2387973	DRSC37439	day2	FBgn0259938	cwo	plate2	H	7
SRR5010812	SRR5010812	SRX2341764	SAMN06009659	GSM2387974	DRSC37675	day2	FBgn0003866	tsh	plate2	H	8
SRR5010813	SRR5010813	SRX2341765	SAMN06009658	GSM2387975	DRSC31627	day2	FBgn0261283	SREBP	plate2	H	9
SRR5010814	SRR5010814	SRX2341766	SAMN06009657	GSM2387976	DRSC36079	day3	FBgn0003964	usp	plate3	A	10
SRR5010815	SRR5010815	SRX2341767	SAMN06009656	GSM2387977	DRSC40711	day3	FBgn0000567	Eip74EF	plate3	A	11
SRR5010816	SRR5010816	SRX2341768	SAMN06009655	GSM2387978	DRSC37538	day3	FBgn0024371	E2f2	plate3	A	12
SRR5010817	SRR5010817	SRX2341769	SAMN06009654	GSM2387979	DRSC37534	day3	FBgn0011763	dpy	plate3	A	1
SRR5010818	SRR5010818	SRX2341770	SAMN06009696	GSM2387980	DRSC30795	day3	FBgn0001291	kay	plate3	A	2
SRR5010819	SRR5010819	SRX2341771	SAMN06009695	GSM2387981	DRSC31698	day3	FBgn0016076	vri	plate3	A	3
SRR5010820	SRR5010820	SRX2341772	SAMN06009694	GSM2387982	DRSC33100	day3	FBgn0266411	sima	plate3	A	4
SRR5010821	SRR5010821	SRX2341773	SAMN06009693	GSM2387983	DRSC35830	day3	FBgn0034534	maf-S	plate3	A	5
SRR5010822	SRR5010822	SRX2341774	SAMN06009692	GSM2387984	DRSC41069	day3	FBgn0032940	Mondo	plate3	A	6
SRR5010823	SRR5010823	SRX2341775	SAMN06009691	GSM2387985	DRSC31022	day3	FBgn0001297	kay	plate3	A	7
SRR5010824	SRR5010824	SRX2341776	SAMN06009690	GSM2387986	DRSC31684	day3	FBgn0013263	Trl	plate3	A	8
SRR5010825	SRR5010825	SRX2341777	SAMN06009689	GSM2387987	DRSC34303	day3	FBgn0003507	srp	plate3	A	9
SRR5010826	SRR5010826	SRX2341778	SAMN06009688	GSM2387988	DRSC25554	day3	FBgn0011656	Mef2	plate3	B	10
SRR5010827	SRR5010827	SRX2341779	SAMN06009687	GSM2387989	DRSC26287	day3	FBgn0032940	Mondo	plate3	B	11
SRR5010828	SRR5010828	SRX2341780	SAMN06009685	GSM2387990	DRSC31967	day3	FBgn0040305	MTF-1	plate3	B	12
SRR5010829	SRR5010829	SRX2341781	SAMN06009684	GSM2387991	DRSC31026	day3	FBgn0004606	zfh1	plate3	B	1
SRR5010830	SRR5010830	SRX2341782	SAMN06009683	GSM2387992	DRSC03320	day3	FBgn0024371	E2f2	plate3	B	2
SRR5010831	SRR5010831	SRX2341783	SAMN06009682	GSM2387993	DRSC03462	day3	FBgn0010287	Tsf1	plate3	B	3
SRR5010832	SRR5010832	SRX2341784	SAMN06009686	GSM2387994	DRSCNA	day3	FBgnNA	LacZ	plate3	B	4
SRR5010833	SRR5010833	SRX2341785	SAMN06009681	GSM2387995	DRSC23794	day3	FBgn0000567	Eip74EF	plate3	B	5
SRR5010834	SRR5010834	SRX2341786	SAMN06009680	GSM2387996	DRSC29116	day3	FBgn0003118	pnt	plate3	B	6
SRR5010835	SRR5010835	SRX2341787	SAMN06009679	GSM2387997	DRSC35831	day3	FBgn0034534	maf-S	plate3	B	7
SRR5010836	SRR5010836	SRX2341788	SAMN06009678	GSM2387998	DRSC03346	day3	FBgn0261239	Hr39	plate3	B	8
SRR5010837	SRR5010837	SRX2341789	SAMN06009677	GSM2387999	DRSC03740	day3	FBgn0003866	tsh	plate3	B	9
SRR5010838	SRR5010838	SRX2341790	SAMN06009676	GSM2388000	DRSC37552	day3	FBgn0001078	ftz-f1	plate3	C	10
SRR5010839	SRR5010839	SRX2341791	SAMN06009743	GSM2388001	DRSCNA	day3	FBgnNA	LacZ	plate3	C	11
SRR5010840	SRR5010840	SRX2341792	SAMN06009742	GSM2388002	DRSC37320	day3	FBgn0265784	CrebB	plate3	C	12
SRR5010841	SRR5010841	SRX2341793	SAMN06009741	GSM2388003	DRSC34422	day3	FBgn0004396	CrebA	plate3	C	1
SRR5010842	SRR5010842	SRX2341794	SAMN06009740	GSM2388004	DRSC40819	day3	FBgn0011763	dpy	plate3	C	2
SRR5010843	SRR5010843	SRX2341795	SAMN06009739	GSM2388005	DRSC04917	day3	FBgn0267978	ap	plate3	C	3
SRR5010844	SRR5010844	SRX2341796	SAMN06009738	GSM2388006	DRSC41279	day3	FBgn0000611	exd	plate3	C	4
SRR5010845	SRR5010845	SRX2341797	SAMN06009737	GSM2388007	DRSC25347	day3	FBgn0003117	pnr	plate3	C	5
SRR5010846	SRR5010846	SRX2341798	SAMN06009736	GSM2388008	DRSC26931	day3	FBgn0004606	zfh1	plate3	C	6
SRR5010847	SRR5010847	SRX2341799	SAMN06009735	GSM2388009	DRSCNA	day3	FBgn0260635	LacZ	plate3	C	7
SRR5010848	SRR5010848	SRX2341800	SAMN06009734	GSM2388010	DRSC29182	day3	FBgn0033846	mip120	plate3	C	8
SRR5010849	SRR5010849	SRX2341801	SAMN06009733	GSM2388011	DRSC40777	day3	FBgn0039044	betaTub60D	plate3	C	9
SRR5010850	SRR5010850	SRX2341802	SAMN06009732	GSM2388012	DRSC27330	day3	FBgn0001133	grau	plate3	D	10
SRR5010851	SRR5010851	SRX2341803	SAMN06009731	GSM2388013	DRSC29572	day3	FBgn0011766	E2f1	plate3	D	11
SRR5010852	SRR5010852	SRX2341804	SAMN06009730	GSM2388014	DRSC32152	day3	FBgn0033846	mip120	plate3	D	12
SRR5010853	SRR5010853	SRX2341805	SAMN06009729	GSM2388015	DRSC30999	day3	FBgn0011766	E2f1	plate3	D	1
SRR5010854	SRR5010854	SRX2341806	SAMN06009728	GSM2388016	DRSC08706	day3	FBgn0025725	alphaCOP	plate3	D	2
SRR5010855	SRR5010855	SRX2341807	SAMN06009727	GSM2388017	DRSC21341	day3	FBgn0040305	MTF-1	plate3	D	3
SRR5010856	SRR5010856	SRX2341808	SAMN06009726	GSM2388018	DRSC25219	day3	FBgn0259938	cwo	plate3	D	4
SRR5010857	SRR5010857	SRX2341809	SAMN06009725	GSM2388019	DRSC27078	day3	FBgn0003870	ttk	plate3	D	5
SRR5010858	SRR5010858	SRX2341810	SAMN06009724	GSM2388020	DRSC29336	day3	FBgn0003507	srp	plate3	D	6
SRR5010859	SRR5010859	SRX2341811	SAMN06009723	GSM2388021	DRSC11122	day3	FBgn0004396	CrebA	plate3	D	7
SRR5010860	SRR5010860	SRX2341812	SAMN06009722	GSM2388022	DRSC22973	day3	FBgn0016694	Pdp1	plate3	D	8
SRR5010861	SRR5010861	SRX2341813	SAMN06009721	GSM2388023	DRSC25045	day3	FBgn0013263	Trl	plate3	D	9
SRR5010862	SRR5010862	SRX2341814	SAMN06009720	GSM2388024	DRSC39162	day3	FBgn0000097	aop	plate3	E	10
SRR5010863	SRR5010863	SRX2341815	SAMN06009719	GSM2388025	DRSC18766	day3	FBgn0000520	dwg	plate3	E	11
SRR5010864	SRR5010864	SRX2341816	SAMN06009718	GSM2388026	DRSC37262	day3	FBgn0264075	tgo	plate3	E	12
SRR5010865	SRR5010865	SRX2341817	SAMN06009717	GSM2388027	DRSC34559	day3	FBgn0001222	Hsf	plate3	E	1
SRR5010866	SRR5010866	SRX2341818	SAMN06009716	GSM2388028	DRSCNA	day3	FBgnNA	LacZ	plate3	E	2
SRR5010867	SRR5010867	SRX2341819	SAMN06009715	GSM2388029	DRSC40784	day3	FBgn0267821	darky	plate3	E	3
SRR5010868	SRR5010868	SRX2341820	SAMN06009714	GSM2388030	DRSC37563	day3	FBgn0261283	SREBP	plate3	E	4
SRR5010869	SRR5010869	SRX2341821	SAMN06009713	GSM2388031	DRSC16977	day3	FBgn0001297	kay	plate3	E	5
SRR5010870	SRR5010870	SRX2341822	SAMN06009712	GSM2388032	DRSC23134	day3	FBgn0004050	z	plate3	E	6
SRR5010871	SRR5010871	SRX2341823	SAMN06009711	GSM2388033	DRSC24447	day3	FBgn0003964	usp	plate3	E	7
SRR5010872	SRR5010872	SRX2341824	SAMN06009710	GSM2388034	DRSC27606	day3	FBgn0001291	kay	plate3	E	8
SRR5010873	SRR5010873	SRX2341825	SAMN06009709	GSM2388035	DRSC29930	day3	FBgn0264075	tgo	plate3	E	9
SRR5010874	SRR5010874	SRX2341826	SAMN06009708	GSM2388036	DRSC26054	day3	FBgn0016076	vri	plate3	F	10
SRR5010875	SRR5010875	SRX2341827	SAMN06009707	GSM2388037	DRSC28794	day3	FBgn0266411	sima	plate3	F	11
SRR5010876	SRR5010876	SRX2341828	SAMN06009706	GSM2388038	DRSC31100	day3	FBgn0002914	Myb	plate3	F	12
SRR5010877	SRR5010877	SRX2341829	SAMN06009705	GSM2388039	DRSC37618	day3	FBgn0039044	betaTub60D	plate3	F	1
SRR5010878	SRR5010878	SRX2341830	SAMN06009704	GSM2388040	DRSC25100	day3	FBgn0004198	CG31751	plate3	F	2
SRR5010879	SRR5010879	SRX2341831	SAMN06009703	GSM2388041	DRSC25984	day3	FBgn0013799	Deaf1	plate3	F	3
SRR5010880	SRR5010880	SRX2341832	SAMN06009702	GSM2388042	DRSC27700	day3	FBgn0001222	Hsf	plate3	F	4
SRR5010881	SRR5010881	SRX2341833	SAMN06009701	GSM2388043	DRSC30106	day3	FBgn0001168	yellow-h	plate3	F	5
SRR5010882	SRR5010882	SRX2341834	SAMN06009700	GSM2388044	DRSC37640	day3	FBgn0003345	sprd	plate3	F	6
SRR5010883	SRR5010883	SRX2341835	SAMN06009699	GSM2388045	DRSC20260	day3	FBgn0002914	Myb	plate3	F	7
SRR5010884	SRR5010884	SRX2341836	SAMN06009698	GSM2388046	DRSC23558	day3	FBgn0265784	CrebB	plate3	F	8
SRR5010885	SRR5010885	SRX2341837	SAMN06009697	GSM2388047	DRSCNA	day3	FBgnNA	LacZ	plate3	F	9
SRR5010886	SRR5010886	SRX2341838	SAMN06009770	GSM2388048	DRSC40910	day3	FBgn0003117	pnr	plate3	G	10
SRR5010887	SRR5010887	SRX2341839	SAMN06009769	GSM2388049	DRSC29174	day3	FBgn0000520	dwg	plate3	G	11
SRR5010888	SRR5010888	SRX2341840	SAMN06009768	GSM2388050	DRSC34905	day3	FBgn0013799	Deaf1	plate3	G	12
SRR5010889	SRR5010889	SRX2341841	SAMN06009767	GSM2388051	DRSC32517	day3	FBgn0016694	Pdp1	plate3	G	1
SRR5010890	SRR5010890	SRX2341842	SAMN06009766	GSM2388052	DRSC30105	day3	FBgn0052296	Mrtf	plate3	G	2
SRR5010891	SRR5010891	SRX2341843	SAMN06009762	GSM2388053	DRSC26006	day3	FBgn0261239	Hr39	plate3	G	3
SRR5010892	SRR5010892	SRX2341844	SAMN06009765	GSM2388054	DRSC30099	day3	FBgn0000611	exd	plate3	G	4
SRR5010893	SRR5010893	SRX2341845	SAMN06009764	GSM2388055	DRSCNA	day3	FBgnNA	LacZ	plate3	G	5
SRR5010894	SRR5010894	SRX2341846	SAMN06009763	GSM2388056	DRSC37529	day3	FBgn0267821	darky	plate3	G	6
SRR5010895	SRR5010895	SRX2341847	SAMN06009761	GSM2388057	DRSC37681	day3	FBgn0004050	z	plate3	G	7
SRR5010896	SRR5010896	SRX2341848	SAMN06009760	GSM2388058	DRSC31645	day3	FBgn0003118	pnt	plate3	G	8
SRR5010897	SRR5010897	SRX2341849	SAMN06009759	GSM2388059	DRSC32788	day3	FBgn0000097	aop	plate3	G	9
SRR5010898	SRR5010898	SRX2341850	SAMN06009758	GSM2388060	DRSC32737	day3	FBgn0001133	grau	plate3	H	10
SRR5010899	SRR5010899	SRX2341851	SAMN06009757	GSM2388061	DRSC35845	day3	FBgn0011656	Mef2	plate3	H	11
SRR5010900	SRR5010900	SRX2341852	SAMN06009756	GSM2388062	DRSC40438	day3	FBgn0004198	CG31751	plate3	H	12
SRR5010901	SRR5010901	SRX2341853	SAMN06009755	GSM2388063	DRSC40479	day3	FBgn0003345	sprd	plate3	H	1
SRR5010902	SRR5010902	SRX2341854	SAMN06009754	GSM2388064	DRSC37384	day3	FBgn0267978	ap	plate3	H	2
SRR5010903	SRR5010903	SRX2341855	SAMN06009753	GSM2388065	DRSC31616	day3	FBgn0001168	yellow-h	plate3	H	3
SRR5010904	SRR5010904	SRX2341856	SAMN06009752	GSM2388066	DRSC32506	day3	FBgn0052296	Mrtf	plate3	H	4
SRR5010905	SRR5010905	SRX2341857	SAMN06009751	GSM2388067	DRSC35747	day3	FBgn0001078	ftz-f1	plate3	H	5
SRR5010906	SRR5010906	SRX2341858	SAMN06009750	GSM2388068	DRSC40439	day3	FBgn0003870	ttk	plate3	H	6
SRR5010907	SRR5010907	SRX2341859	SAMN06009749	GSM2388069	DRSC37439	day3	FBgn0259938	cwo	plate3	H	7
SRR5010908	SRR5010908	SRX2341860	SAMN06009748	GSM2388070	DRSC37675	day3	FBgn0003866	tsh	plate3	H	8
SRR5010909	SRR5010909	SRX2341861	SAMN06009747	GSM2388071	DRSC31627	day3	FBgn0261283	SREBP	plate3	H	9
